<Workflow xmlns="urn:wexflow-schema" id="35" name="Workflow_Sftp_delete" description="Workflow_Sftp_delete">
	<Settings>
		<Setting name="launchType" value="trigger" /> <!-- startup|trigger|periodic -->
		<Setting name="enabled" value="true" /> <!-- true|false -->
	</Settings>
	<Tasks>
		<Task id="1" name="Ftp" description="Listing files" enabled="true">
			<Setting name="command" value="list" />
			<Setting name="protocol" value="sftp" /> <!-- ftp|ftps|sftp -->
			<Setting name="server" value="sbs-server" />
			<Setting name="port" value="22" />
			<Setting name="user" value="sftpuser" />
			<Setting name="password" value="password" />
			<Setting name="path" value="/public/toDelete/" />
		</Task>
		<Task id="2" name="Ftp" description="Deleting files" enabled="true">
			<Setting name="command" value="delete" />
			<Setting name="protocol" value="sftp" /> <!-- ftp|ftps|sftp -->
			<Setting name="server" value="sbs-server" />
			<Setting name="port" value="22" />
			<Setting name="user" value="sftpuser" />
			<Setting name="password" value="password" />
			<Setting name="path" value="/" />
			<Setting name="selectFiles" value="1" />
		</Task>
		<Task id="3" name="ListFiles" description="Listing files" enabled="true" />
	</Tasks>
</Workflow>
