﻿<?xml version="1.0" encoding="utf-8"?>
<Workflow xmlns="urn:wexflow-schema" id="62" name="Workflow_Untgz" description="Workflow_Untgz">
  <Settings>
    <Setting name="launchType" value="trigger" />
    <Setting name="enabled" value="true" />
    <Setting name="period" value="00:00:00" />
  </Settings>
  <Tasks>
    <Task id="1" name="FilesLoader" description="Loading TAR archives" enabled="true">
      <Setting name="file" value="C:\WexflowTesting\Untgz_src\archive.tar.gz" />
    </Task>
    <Task id="2" name="Untgz" description="Extracting TAR archives" enabled="true">
      <Setting name="selectFiles" value="1" />
      <Setting name="destDir" value="C:\WexflowTesting\Untgz_dest" />
    </Task>
    <Task id="3" name="ListFiles" description="Listing files..." enabled="true" />
  </Tasks>
</Workflow>