<Workflow xmlns="urn:wexflow-schema" id="33" name="Workflow_Sftp_upload" description="Workflow_Sftp_upload">
	<Settings>
		<Setting name="launchType" value="trigger" /> <!-- startup|trigger|periodic -->
		<Setting name="enabled" value="true" /> <!-- true|false -->
	</Settings>
	<Tasks>
		<Task id="1" name="FilesLoader" description="Loading files" enabled="true">
			<Setting name="file" value="C:\WexflowTesting\file1.txt" />
			<Setting name="file" value="C:\WexflowTesting\file2.txt" />
			<Setting name="file" value="C:\WexflowTesting\file3.txt" />
		</Task>
		<Task id="2" name="Ftp" description="Sending files" enabled="true">
			<Setting name="command" value="upload" />
			<Setting name="protocol" value="sftp" /> <!-- ftp|ftps|sftp -->
			<Setting name="server" value="sbs-server" />
			<Setting name="port" value="22" />
			<Setting name="user" value="sftpuser" />
			<Setting name="password" value="password" />
			<Setting name="path" value="/public/" />
			<Setting name="selectFiles" value="1" />
		</Task>
	</Tasks>
</Workflow>
