﻿<?xml version="1.0" encoding="utf-8"?>
<Workflow xmlns="urn:wexflow-schema" id="80" name="Workflow_UnSevenZip" description="Workflow_UnSevenZip">
  <Settings>
    <Setting name="launchType" value="trigger" />
    <Setting name="enabled" value="true" />
  </Settings>
  <Tasks>
    <Task id="1" name="FilesLoader" description="Loading 7Z archives" enabled="true">
      <Setting name="file" value="C:\WexflowTesting\UnSevenZip_src\archive.7z" />
    </Task>
    <Task id="2" name="UnSevenZip" description="Extracting 7Z archives" enabled="true">
      <Setting name="selectFiles" value="1" />
      <Setting name="destDir" value="C:\WexflowTesting\UnSevenZip_dest" />
    </Task>
    <Task id="3" name="ListFiles" description="Listing files..." enabled="true" />
  </Tasks>
</Workflow>