﻿<?xml version="1.0" encoding="utf-8"?>
<Workflow xmlns="urn:wexflow-schema" id="147" name="Workflow_ApproveInvoice" description="Workflow_ApproveInvoice">
  <Settings>
    <Setting name="launchType" value="trigger" />
    <Setting name="enabled" value="true" />
    <Setting name="approval" value="true" />
    <Setting name="enableParallelJobs" value="true" />
  </Settings>
  <LocalVariables />
  <Tasks>
    <Task id="1" name="ApproveRecord" description="Approve invoice" enabled="true">
      <Setting name="record" value="2" />
      <Setting name="assignedTo" value="wexflow" />
    </Task>
  </Tasks>
</Workflow>