﻿<?xml version="1.0" encoding="utf-8"?>
<Workflow xmlns="urn:wexflow-schema" id="61" name="Workflow_Untar" description="Workflow_Untar">
  <Settings>
    <Setting name="launchType" value="trigger" />
    <Setting name="enabled" value="true" />
    <Setting name="period" value="00:00:00" />
  </Settings>
  <Tasks>
    <Task id="1" name="FilesLoader" description="Loading TAR archives" enabled="true">
      <Setting name="file" value="C:\WexflowTesting\Untar_src\archive.tar" />
    </Task>
    <Task id="2" name="Untar" description="Extracting TAR archives" enabled="true">
      <Setting name="selectFiles" value="1" />
      <Setting name="destDir" value="C:\WexflowTesting\Untar_dest" />
    </Task>
    <Task id="3" name="ListFiles" description="Listing files..." enabled="true" />
  </Tasks>
</Workflow>