﻿<?xml version="1.0" encoding="utf-8"?>
<Workflow xmlns="urn:wexflow-schema" id="98" name="Workflow_ExecCs" description="Workflow_ExecCs">
  <Settings>
    <Setting name="launchType" value="trigger" />
    <Setting name="enabled" value="true" />
  </Settings>
  <Tasks>
    <Task id="1" name="FilesLoader" description="Loading cs scripts" enabled="true">
	  <Setting name="file" value="C:\WexflowTesting\ExecCs_src\Program1.cs" />
	  <Setting name="file" value="C:\WexflowTesting\ExecCs_src\Program2.cs" />
    </Task>
    <Task id="2" name="ExecCs" description="Executing cs scripts" enabled="true">
	  <Setting name="selectFiles" value="1" />
    </Task>
    <Task id="3" name="FilesMover" description="Moving exe files to ExecCs_dest folder" enabled="true">
      <Setting name="selectFiles" value="2" />
      <Setting name="destFolder" value="C:\WexflowTesting\ExecCs_dest\" />
	  <Setting name="overwrite" value="true" />
    </Task>
  </Tasks>
</Workflow>