<Workflow xmlns="urn:wexflow-schema" id="34" name="Workflow_Sftp_download" description="Workflow_Sftp_download">
	<Settings>
		<Setting name="launchType" value="trigger" /> <!-- startup|trigger|periodic -->
		<Setting name="enabled" value="true" /> <!-- true|false -->
	</Settings>
	<Tasks>
		<Task id="1" name="Ftp" description="Listing files" enabled="true">
			<Setting name="command" value="list" />
			<Setting name="protocol" value="sftp" /> <!-- ftp|ftps|sftp -->
			<Setting name="server" value="sbs-server" />
			<Setting name="port" value="22" />
			<Setting name="user" value="sftpuser" />
			<Setting name="password" value="password" />
			<Setting name="path" value="/public/" />
		</Task>
		<Task id="2" name="Ftp" description="Downloading files" enabled="true">
			<Setting name="command" value="download" />
			<Setting name="protocol" value="sftp" /> <!-- ftp|ftps|sftp -->
			<Setting name="server" value="sbs-server" />
			<Setting name="port" value="22" />
			<Setting name="user" value="sftpuser" />
			<Setting name="password" value="password" />
			<Setting name="path" value="/" />
			<Setting name="selectFiles" value="1" />
		</Task>
		<Task id="3" name="FilesMover" description="Moving files to Sftp_download" enabled="true">
			<Setting name="selectFiles" value="2" />
			<Setting name="destFolder" value="C:\WexflowTesting\Sftp_download\" />
			<Setting name="overwrite" value="true" />
		</Task>
	</Tasks>
</Workflow>
