<Workflow xmlns="urn:wexflow-schema" id="145" name="Worflow_SubWorkflow" description="Worflow_SubWorkflow">
	<Settings>
		<Setting name="launchType" value="trigger" />
		<Setting name="enabled" value="true" />
		<Setting name="approval" value="false" />
		<Setting name="enableParallelJobs" value="true" />
	</Settings>
	<LocalVariables />
	<Tasks>
		<Task id="1" name="SubWorkflow" description="Kicking off workflow 41" enabled="true">
			<Setting name="id" value="41" />
			<Setting name="mode" value="sync" />
		</Task>
	</Tasks>
</Workflow>