<Workflow xmlns="urn:wexflow-schema" id="64" name="Workflow_TextToPdf" description="Workflow_TextToPdf">
	<Settings>
		<Setting name="launchType" value="trigger" />
		<Setting name="enabled" value="true" />
	</Settings>
	<Tasks>
		<Task id="1" name="FilesLoader" description="Loading files" enabled="true">
			<Setting name="file" value="C:\WexflowTesting\file1.txt" />
		</Task>
		<Task id="2" name="TextToPdf" description="Generating PDF files" enabled="true">
			<Setting name="selectFiles" value="1" />
		</Task>
		<Task id="3" name="FilesMover" description="Moving PDF files from temp folder" enabled="true">
			<Setting name="selectFiles" value="2" />
			<Setting name="destFolder" value="C:\WexflowTesting\TextToPdf\" />
			<Setting name="overwrite" value="true" />
		</Task>
	</Tasks>
</Workflow>
