<Workflow xmlns="urn:wexflow-schema" id="28" name="Workflow_Ftp_download" description="Workflow_Ftp_download">
	<Settings>
		<Setting name="launchType" value="trigger" /> <!-- startup|trigger|periodic -->
		<Setting name="enabled" value="true" /> <!-- true|false -->
	</Settings>
	<Tasks>
		<Task id="1" name="Ftp" description="Listing files" enabled="true">
			<Setting name="command" value="list" />
			<Setting name="protocol" value="ftp" /> <!-- ftp|ftps|sftp -->
			<Setting name="server" value="127.0.1" />
			<Setting name="port" value="21" />
			<Setting name="user" value="user" />
			<Setting name="password" value="password" />
			<Setting name="path" value="/" />
		</Task>
		<Task id="2" name="Ftp" description="Downloading files" enabled="true">
			<Setting name="command" value="download" />
			<Setting name="protocol" value="ftp" /> <!-- ftp|ftps|sftp -->
			<Setting name="server" value="127.0.1" />
			<Setting name="port" value="21" />
			<Setting name="user" value="user" />
			<Setting name="password" value="password" />
			<Setting name="path" value="/" />
			<Setting name="selectFiles" value="1" />
		</Task>
		<Task id="3" name="FilesMover" description="Moving files to Ftp_download" enabled="true">
			<Setting name="selectFiles" value="2" />
			<Setting name="destFolder" value="C:\WexflowTesting\Ftp_download\" />
			<Setting name="overwrite" value="true" />
		</Task>
	</Tasks>
</Workflow>
