<?xml version="1.0" encoding="UTF-8" ?>
<Wexflow>
  <Setting name="workflowsFolder" value="C:\Wexflow\Workflows" />
  <Setting name="recordsFolder" value="C:\Wexflow\Records" />
  <Setting name="recordsHotFolder" value="C:\Wexflow\Records\_HotFolder" />
  <Setting name="tempFolder" value="C:\Wexflow\Temp" />
  <Setting name="tasksFolder" value="C:\Wexflow\Tasks" />
  <Setting name="approvalFolder" value="C:\Wexflow\Approval" />
  <Setting name="xsd" value="C:\Wexflow\Workflow.xsd" />
  <Setting name="tasksNamesFile" value="C:\Wexflow\TasksNames.json" />
  <Setting name="tasksSettingsFile" value="C:\Wexflow\TasksSettings.json" />
  <Setting name="globalVariablesFile" value="C:\Wexflow\GlobalVariables.xml" />
  <!-- SQLite or MongoDB or SQLServer -->
  <Setting name="dbType" value="SQLite" />
  <!-- SQLite -->
  <Setting name="connectionString" value="Data Source=C:\Wexflow\Database\Wexflow.sqlite;Version=3;" />
  <!-- MongoDB -->
  <!--<Setting name="connectionString" value="Database=wexflow;MongoUrl=mongodb://localhost:27017;EnabledSslProtocols=false;SslProtocols=None" />-->
  <!-- SQLServer -->
  <!--<Setting name="connectionString" value="Server=127.0.0.1;User Id=wexflow;Password=pwd;Database=wexflow;" />-->
</Wexflow>
