<?xml version='1.0'?>
<Workflow xmlns="urn:wexflow-schema" id="45" name="Workflow_Workflow" description="Workflow_Workflow">
	<Settings>
		<Setting name="launchType" value="trigger" />
		<Setting name="enabled" value="true" />
	</Settings>
	<Tasks>
		<Task id="1" name="Workflow" description="Starting workflow 43" enabled="true">
			<Setting name="wexflowWebServiceUri" value="http://localhost:8000/wexflow/" />
			<Setting name="username" value="admin" />
			<Setting name="password" value="wexflow2018" />
			<Setting name="action" value="start" />
			<Setting name="id" value="43" />
		</Task>
		<Task id="2" name="Workflow" description="Starting workflow 10 and 11" enabled="true">
			<Setting name="wexflowWebServiceUri" value="http://localhost:8000/wexflow/" />
			<Setting name="username" value="admin" />
			<Setting name="password" value="wexflow2018" />
			<Setting name="action" value="start" />
			<Setting name="id" value="10" />
			<Setting name="id" value="11" />
		</Task>
	</Tasks>
</Workflow>
