<Workflow xmlns="urn:wexflow-schema" id="54" name="Workflow_FilesInfo" description="Workflow_FilesInfo">
	<Settings>
		<Setting name="launchType" value="trigger" />
		<Setting name="enabled" value="true" />
	</Settings>
	<Tasks>
		<Task id="1" name="FilesLoader" description="Loading files" enabled="true">
			<Setting name="file" value="C:\WexflowTesting\file1.txt" />
			<Setting name="file" value="C:\WexflowTesting\file2.txt" />
		</Task>
		<Task id="2" name="FilesInfo" description="Generating files informations" enabled="true">
			<Setting name="selectFiles" value="1" />
		</Task>
		<Task id="3" name="FilesMover" description="Moving FilesInfo files from temp folder" enabled="true">
			<Setting name="selectFiles" value="2" />
			<Setting name="destFolder" value="C:\WexflowTesting\FilesInfo\" />
			<Setting name="overwrite" value="true" />
		</Task>
	</Tasks>
</Workflow>
