<Workflow xmlns="urn:wexflow-schema" id="130" name="Workflow_RedditListComments" description="Workflow_RedditListComments">
	<Settings>
		<Setting name="launchType" value="trigger" />
		<Setting name="enabled" value="true" />
	</Settings>  
	<Tasks>
		<Task id="1" name="RedditListComments" description="Retrieving comment history" enabled="true">
			<Setting name="appId" value="APP_ID" />
			<Setting name="refreshToken" value="REFRESH_TOKEN" /> 
			<Setting name="maxResults" value="50" />
		</Task> 
		<Task id="2" name="FilesMover" description="Moving comment history from temp folder" enabled="true">
			<Setting name="selectFiles" value="1" />
			<Setting name="destFolder" value="C:\WexflowTesting\RedditListComments\" />
			<Setting name="overwrite" value="true" />
		</Task>
	</Tasks>  
</Workflow>
