<Workflow xmlns="urn:wexflow-schema" id="163" name="Workflow_Torrent" description="Workflow_Torrent">
	<Settings>
		<Setting name="launchType" value="trigger" />
		<Setting name="enabled" value="true" />
	</Settings>
	<Tasks>
		<Task id="1" name="FilesLoader" description="Loading files" enabled="true">
			<Setting name="file" value="C:\WexflowTesting\Torrent\sample.torrent" />
		</Task>
		<Task id="2" name="Torrent" description="Downloading torrents" enabled="true">
			<Setting name="selectFiles" value="1" />
			<Setting name="saveFolder" value="C:\WexflowTesting\Torrent\" />
		</Task>
	</Tasks>
</Workflow>
