<Workflow xmlns="urn:wexflow-schema" id="44" name="Workflow_Movedir" description="Workflow_Movedir">
	<Settings>
		<Setting name="launchType" value="trigger" />
		<Setting name="enabled" value="true" />
	</Settings>
	<Tasks>
		<Task id="1" name="Movedir" description="Moving folder" enabled="true">
			<Setting name="folder" value="C:\WexflowTesting\Folder\" />
			<Setting name="destinationFolder" value="C:\WexflowTesting\Folder1\" />
			<Setting name="overwrite" value="true" />
		</Task>
	</Tasks>
</Workflow>
