<?xml version="1.0" encoding="UTF-8" ?>
<Wexflow>
  <Setting name="workflowsFolder" value="C:\Wexflow\Workflows" />
  <Setting name="recordsFolder" value="C:\Wexflow\Records" />
  <Setting name="recordsHotFolder" value="C:\Wexflow\Records\_HotFolder" />
  <Setting name="tempFolder" value="C:\Wexflow\Temp" />
  <Setting name="tasksFolder" value="C:\Wexflow\Tasks" />
  <Setting name="approvalFolder" value="C:\Wexflow\Approval" />
  <Setting name="xsd" value="C:\Wexflow\Workflow.xsd" />
  <Setting name="tasksNamesFile" value="C:\Wexflow\TasksNames.json" />
  <Setting name="tasksSettingsFile" value="C:\Wexflow\TasksSettings.json" />
  <Setting name="globalVariablesFile" value="C:\Wexflow\GlobalVariables.xml" />
  <Setting name="dbType" value="LiteDB" />
  <Setting name="connectionString" value="Filename=C:\Wexflow\Database\Wexflow.db; Connection=direct" />
</Wexflow>
